model,score_test,score_val,eval_metric,pred_time_test,pred_time_val,fit_time,pred_time_test_marginal,pred_time_val_marginal,fit_time_marginal,stack_level,can_infer,fit_order
WeightedEnsemble_L3,0.8836183207467725,0.8813371002963368,roc_auc,5.558486461639404,27.148905515670776,20.082650661468506,0.004627704620361328,0.010022640228271484,1.0586977005004883,3,True,6
WeightedEnsemble_L2,0.8828522185511419,0.8775811734207637,roc_auc,3.12890625,13.704836368560791,10.939809799194336,0.0043218135833740234,0.011789798736572266,0.515977144241333,2,True,3
RandomForest_BAG_L1,0.8824424903393617,0.8749363980288216,roc_auc,1.418534517288208,6.678710222244263,5.566630601882935,1.418534517288208,6.678710222244263,5.566630601882935,1,True,1
RandomForest_BAG_L2,0.8815510035858116,0.8773189496602478,roc_auc,4.261532306671143,20.003194093704224,14.634651184082031,1.1369478702545166,6.310147523880005,4.210818529129028,2,True,4
ExtraTrees_BAG_L2,0.8794424079947298,0.8769094550643005,roc_auc,4.416910886764526,20.8287353515625,14.81313443183899,1.2923264503479004,7.135688781738281,4.389301776885986,2,True,5
ExtraTrees_BAG_L1,0.8759453291068747,0.870305757538848,roc_auc,1.706049919128418,7.014336347579956,4.857202053070068,1.706049919128418,7.014336347579956,4.857202053070068,1,True,2
