model,score_test,score_val,eval_metric,pred_time_test,pred_time_val,fit_time,pred_time_test_marginal,pred_time_val_marginal,fit_time_marginal,stack_level,can_infer,fit_order
RandomForest_BAG_L1,1.0,0.8749363980288216,roc_auc,1.5231292247772217,6.678710222244263,5.566630601882935,1.5231292247772217,6.678710222244263,5.566630601882935,1,True,1
ExtraTrees_BAG_L1,0.9999999999999999,0.870305757538848,roc_auc,1.8437833786010742,7.014336347579956,4.857202053070068,1.8437833786010742,7.014336347579956,4.857202053070068,1,True,2
WeightedEnsemble_L2,0.9999999999999999,0.8775811734207637,roc_auc,3.373781204223633,13.704836368560791,10.939809799194336,0.006868600845336914,0.011789798736572266,0.515977144241333,2,True,3
WeightedEnsemble_L3,0.9999995357955997,0.8813371002963368,roc_auc,6.689238548278809,27.148905515670776,20.082650661468506,0.00949549674987793,0.010022640228271484,1.0586977005004883,3,True,6
RandomForest_BAG_L2,0.9999963831845727,0.8773189496602478,roc_auc,4.931158542633057,20.003194093704224,14.634651184082031,1.5642459392547607,6.310147523880005,4.210818529129028,2,True,4
ExtraTrees_BAG_L2,0.9999257485167304,0.8769094550643005,roc_auc,5.11549711227417,20.8287353515625,14.81313443183899,1.748584508895874,7.135688781738281,4.389301776885986,2,True,5
