tempo,brier_score
90.0,0.026141
120.6667,0.032161
150.3333,0.037147
182.0,0.041171
217.3333,0.045752
251.3333,0.049356
282.0,0.053519
317.6667,0.0564
353.3333,0.059747
387.0,0.062665
427.6667,0.065653
467.3333,0.068401
508.0,0.071823
563.3333,0.074534
610.3333,0.077358
661.0,0.079417
722.6667,0.081115
784.3333,0.083367
897.0,0.085214
1043.6667,0.08656
1181.3333,0.088453
1386.0,0.08965
1603.6667,0.091633
1888.0,0.093758
2307.0,0.095889
