tempo,brier_score
90.0,0.025825
120.6667,0.031578
150.3333,0.037358
182.0,0.04199
217.3333,0.046539
251.3333,0.049067
282.0,0.052154
317.6667,0.054473
353.3333,0.057705
387.0,0.060707
427.6667,0.062677
467.3333,0.065063
508.0,0.067646
563.3333,0.070234
610.3333,0.07277
661.0,0.074285
722.6667,0.076019
784.3333,0.078399
897.0,0.080249
1043.6667,0.081948
1181.3333,0.083492
1386.0,0.085112
1603.6667,0.086417
1888.0,0.088599
2307.0,0.090954
