tempo,brier_score
0.0,0.000681
0.0003,0.000681
0.0006,0.000681
0.0009,0.000681
0.0012,0.000681
