tempo,brier_score
0.0,0.000681
0.0001,0.000681
0.0001,0.000681
0.0002,0.000681
0.0003,0.000681
