subgrupo,n,n_eventos,uno_cindex
0,6667,999,0.80915
1,8025,833,0.978263
